<?xml version="1.0" encoding="utf-8"?>
<lom xmlns="http://ltsc.ieee.org/xsd/LOM" xmlns:xsi="http://www.w3.org/2001/XMLSchema-instance" xmlns:pkgprop="http://www.scorm.com/xsd/ScormEnginePackageProperties" xsi:schemaLocation="http://ltsc.ieee.org/xsd/LOM lomLoose.xsd http://www.scorm.com/xsd/ScormEnginePackageProperties ScormEnginePackageProperties.xsd">
  <metametadata>
    <metadataSchema>LOMv1.0</metadataSchema>
    <metadataSchema>ADL SCORM 2004 4th Edition</metadataSchema>
    <identifier>
      <catalog>URI</catalog>
      <entry>com.LiaScript.ThePythonProgrammingLanguage.9e1d0bec-495a-401c-8030-7661fc10d827</entry>
    </identifier>
    <language>en</language>
    <contribute>
      <role>
        <source>LOMv1.0</source>
        <value>Creator</value>
      </role>
      <entity><![CDATA[BEGIN:VCARD
VERSION:2.1
ORG:LiaScript
END:VCARD  ]]></entity>
      <date>
        <dateTime>2026-01-20</dateTime>
        <description language="en"><![CDATA[1768941496824]]></description>
      </date>
    </contribute>
  </metametadata>
  <general>
    <identifier>
      <catalog>URI</catalog>
      <entry>com.LiaScript.ThePythonProgrammingLanguage.9e1d0bec-495a-401c-8030-7661fc10d827</entry>
    </identifier>
    <title>
      <string language="en"><![CDATA[wdl_demystifyingpython]]></string>
    </title>
    <language>en</language>
    <description>
      <string language="en"><![CDATA[This module introduces the Python programming language, explores why Python is useful in research, and describes how to download Python and Jupyter. Python is a versatile programming language that is frequently used for data analysis, machine learning, web development, and more. If you are interested in using Python (or even just trying it out), and are looking for how to get set up, this module is a good place to start. This is appropriate for someone at the beginner level, including those with no prior knowledge of or experience with Python. Learners should be familiar with tabular data (data stored in a rectangular format, like an Excel spreadsheet or a comma separated file). It is helpful (but not essential) to have some familiarity with the command line interface, navigating to specific directories, and running scripts in the Command Line/Terminal. Learners do not need to have access to Python or Jupyter notebooks on their own computers.]]></string>
    </description>
    <structure>
      <source>LOMv1.0</source>
      <value>atomic</value>
    </structure>
    <aggregationLevel>
      <source>LOMv1.0</source>
      <value>1</value>
    </aggregationLevel>
  </general>
  <lifeCycle>
    <version>
      <string language="en">0.0.1</string>
    </version>
    <status>
      <source>LOMv1.0</source>
      <value>final</value>
    </status>
    <contribute>
      <entity><![CDATA[BEGIN:VCARD
VERSION:2.1
ORG:LiaScript
END:VCARD  ]]></entity>
      <date>
        <dateTime>2026-01-20</dateTime>
        <description language="en"><![CDATA[1768941496824]]></description>
      </date>
    </contribute>
    <contribute>
      <role>
        <source>LOMv1.0</source>
        <value>Author</value>
      </role>
      <entity><![CDATA[BEGIN:VCARD
VERSION:2.1
ORG:LiaScript
END:VCARD  ]]></entity>
      <date>
        <dateTime>2026-01-20</dateTime>
        <description language="en"><![CDATA[1768941496824]]></description>
      </date>
    </contribute>
    <contribute>
      <role>
        <source>LOMv1.0</source>
        <value>Publisher</value>
      </role>
      <entity><![CDATA[BEGIN:VCARD
VERSION:2.1
NOTE:version 0.0.1 
ORG:LiaScript
END:VCARD  ]]></entity>
      <date>
        <dateTime>2026-01-20</dateTime>
        <description language="en"><![CDATA[1768941496824]]></description>
      </date>
    </contribute>
    <contribute>
      <role>
        <source>LOMv1.0</source>
        <value>Technical Implementer</value>
      </role>
      <entity><![CDATA[BEGIN:VCARD
VERSION:2.1
ORG:LiaScript
END:VCARD  ]]></entity>
      <date>
        <dateTime>2026-01-20</dateTime>
        <description language="en"><![CDATA[1768941496824]]></description>
      </date>
    </contribute>
  </lifeCycle>
  <technical>
    <format>text/html</format>
    <format>application/x-javascript</format>
    <format>text/css</format>
    <size/>
    <location>index.html</location>
    <duration>
      <duration>PT0H0M0S</duration>
      <description>
        <string language="en"><![CDATA[The time it will take to watch the entire module from start to finish.]]></string>
      </description>
    </duration>
    <pkgprop:ScormEnginePackageProperties xmlns="http://www.scorm.com/xsd/ScormEnginePackageProperties">
      <appearance>
        <displayStage>
          <desired>
            <width>1280</width>
            <height>720</height>
            <fullscreen>yes</fullscreen>
          </desired>
          <required>
            <width>300</width>
            <height>300</height>
            <fullscreen>no</fullscreen>
          </required>
        </displayStage>
      </appearance>
      <behavior>
        <alwaysFlowToFirstSco>yes</alwaysFlowToFirstSco>
        <rollupEmptySetToUnknown>yes</rollupEmptySetToUnknown>
      </behavior>
    </pkgprop:ScormEnginePackageProperties>
  </technical>
  <educational>
    <typicalLearningTime>
      <duration>PT0H5M0S</duration>
      <description>
        <string language="en"><![CDATA[The average time for a learner to complete this course.]]></string>
      </description>
    </typicalLearningTime>
    <description>
      <string><![CDATA[This module introduces the Python programming language, explores why Python is useful in research, and describes how to download Python and Jupyter. Python is a versatile programming language that is frequently used for data analysis, machine learning, web development, and more. If you are interested in using Python (or even just trying it out), and are looking for how to get set up, this module is a good place to start. This is appropriate for someone at the beginner level, including those with no prior knowledge of or experience with Python. Learners should be familiar with tabular data (data stored in a rectangular format, like an Excel spreadsheet or a comma separated file). It is helpful (but not essential) to have some familiarity with the command line interface, navigating to specific directories, and running scripts in the Command Line/Terminal. Learners do not need to have access to Python or Jupyter notebooks on their own computers.]]></string>
    </description>
    <language>en</language>
  </educational>
  <rights>
    <copyrightAndOtherRestrictions>
      <source>LOMv1.0</source>
      <value>no</value>
    </copyrightAndOtherRestrictions>
    <description>
      <string language="en"><![CDATA[© LiaScript. All rights reserved.]]></string>
    </description>
  </rights>
</lom>