<?xml version="1.0" encoding="utf-8"?>
<lom xmlns="http://ltsc.ieee.org/xsd/LOM" xmlns:xsi="http://www.w3.org/2001/XMLSchema-instance" xmlns:pkgprop="http://www.scorm.com/xsd/ScormEnginePackageProperties" xsi:schemaLocation="http://ltsc.ieee.org/xsd/LOM lomLoose.xsd http://www.scorm.com/xsd/ScormEnginePackageProperties ScormEnginePackageProperties.xsd">
  <metametadata>
    <metadataSchema>LOMv1.0</metadataSchema>
    <metadataSchema>ADL SCORM 2004 4th Edition</metadataSchema>
    <identifier>
      <catalog>URI</catalog>
      <entry>com.LiaScript.SQLABriefRefresher.c35133a3-4c8c-4d08-821c-9be17bb46a83</entry>
    </identifier>
    <language>en</language>
    <contribute>
      <role>
        <source>LOMv1.0</source>
        <value>Creator</value>
      </role>
      <entity><![CDATA[BEGIN:VCARD
VERSION:2.1
ORG:LiaScript
END:VCARD  ]]></entity>
      <date>
        <dateTime>2025-11-19</dateTime>
        <description language="en"><![CDATA[1763587352201]]></description>
      </date>
    </contribute>
  </metametadata>
  <general>
    <identifier>
      <catalog>URI</catalog>
      <entry>com.LiaScript.SQLABriefRefresher.c35133a3-4c8c-4d08-821c-9be17bb46a83</entry>
    </identifier>
    <title>
      <string language="en"><![CDATA[wdl_sqlbasics]]></string>
    </title>
    <language>en</language>
    <description>
      <string language="en"><![CDATA[Do you want to learn basic Structured Query Language (SQL) either to understand concepts or prepare for access to a relational database? This module will give you hands on experience with simple queries using keywords including SELECT, WHERE, FROM, DISTINCT, and AS. We'll also briefly cover working with empty (NULL) values using IS NULL and IS NOT NULL. This module is appropriate for people who have little or no experience in SQL and are ready to practice with real queries. Experience working with rectangular data (data in rows and columns) is required, as is some exposure to the idea of SQL and its use of tables with rows and columns. No experience writing SQL code is expected or required for this module.]]></string>
    </description>
    <structure>
      <source>LOMv1.0</source>
      <value>atomic</value>
    </structure>
    <aggregationLevel>
      <source>LOMv1.0</source>
      <value>1</value>
    </aggregationLevel>
  </general>
  <lifeCycle>
    <version>
      <string language="en">0.0.1</string>
    </version>
    <status>
      <source>LOMv1.0</source>
      <value>final</value>
    </status>
    <contribute>
      <entity><![CDATA[BEGIN:VCARD
VERSION:2.1
ORG:LiaScript
END:VCARD  ]]></entity>
      <date>
        <dateTime>2025-11-19</dateTime>
        <description language="en"><![CDATA[1763587352201]]></description>
      </date>
    </contribute>
    <contribute>
      <role>
        <source>LOMv1.0</source>
        <value>Author</value>
      </role>
      <entity><![CDATA[BEGIN:VCARD
VERSION:2.1
ORG:LiaScript
END:VCARD  ]]></entity>
      <date>
        <dateTime>2025-11-19</dateTime>
        <description language="en"><![CDATA[1763587352201]]></description>
      </date>
    </contribute>
    <contribute>
      <role>
        <source>LOMv1.0</source>
        <value>Publisher</value>
      </role>
      <entity><![CDATA[BEGIN:VCARD
VERSION:2.1
NOTE:version 0.0.1 
ORG:LiaScript
END:VCARD  ]]></entity>
      <date>
        <dateTime>2025-11-19</dateTime>
        <description language="en"><![CDATA[1763587352201]]></description>
      </date>
    </contribute>
    <contribute>
      <role>
        <source>LOMv1.0</source>
        <value>Technical Implementer</value>
      </role>
      <entity><![CDATA[BEGIN:VCARD
VERSION:2.1
ORG:LiaScript
END:VCARD  ]]></entity>
      <date>
        <dateTime>2025-11-19</dateTime>
        <description language="en"><![CDATA[1763587352201]]></description>
      </date>
    </contribute>
  </lifeCycle>
  <technical>
    <format>text/html</format>
    <format>application/x-javascript</format>
    <format>text/css</format>
    <size/>
    <location>index.html</location>
    <duration>
      <duration>PT0H0M0S</duration>
      <description>
        <string language="en"><![CDATA[The time it will take to watch the entire module from start to finish.]]></string>
      </description>
    </duration>
    <pkgprop:ScormEnginePackageProperties xmlns="http://www.scorm.com/xsd/ScormEnginePackageProperties">
      <appearance>
        <displayStage>
          <desired>
            <width>1280</width>
            <height>720</height>
            <fullscreen>yes</fullscreen>
          </desired>
          <required>
            <width>300</width>
            <height>300</height>
            <fullscreen>no</fullscreen>
          </required>
        </displayStage>
      </appearance>
      <behavior>
        <alwaysFlowToFirstSco>yes</alwaysFlowToFirstSco>
        <rollupEmptySetToUnknown>yes</rollupEmptySetToUnknown>
      </behavior>
    </pkgprop:ScormEnginePackageProperties>
  </technical>
  <educational>
    <typicalLearningTime>
      <duration>PT0H5M0S</duration>
      <description>
        <string language="en"><![CDATA[The average time for a learner to complete this course.]]></string>
      </description>
    </typicalLearningTime>
    <description>
      <string><![CDATA[Do you want to learn basic Structured Query Language (SQL) either to understand concepts or prepare for access to a relational database? This module will give you hands on experience with simple queries using keywords including SELECT, WHERE, FROM, DISTINCT, and AS. We'll also briefly cover working with empty (NULL) values using IS NULL and IS NOT NULL. This module is appropriate for people who have little or no experience in SQL and are ready to practice with real queries. Experience working with rectangular data (data in rows and columns) is required, as is some exposure to the idea of SQL and its use of tables with rows and columns. No experience writing SQL code is expected or required for this module.]]></string>
    </description>
    <language>en</language>
  </educational>
  <rights>
    <copyrightAndOtherRestrictions>
      <source>LOMv1.0</source>
      <value>no</value>
    </copyrightAndOtherRestrictions>
    <description>
      <string language="en"><![CDATA[© LiaScript. All rights reserved.]]></string>
    </description>
  </rights>
</lom>