<?xml version="1.0" encoding="utf-8"?>
<lom xmlns="http://ltsc.ieee.org/xsd/LOM" xmlns:xsi="http://www.w3.org/2001/XMLSchema-instance" xmlns:pkgprop="http://www.scorm.com/xsd/ScormEnginePackageProperties" xsi:schemaLocation="http://ltsc.ieee.org/xsd/LOM lomLoose.xsd http://www.scorm.com/xsd/ScormEnginePackageProperties ScormEnginePackageProperties.xsd">
  <metametadata>
    <metadataSchema>LOMv1.0</metadataSchema>
    <metadataSchema>ADL SCORM 2004 4th Edition</metadataSchema>
    <identifier>
      <catalog>URI</catalog>
      <entry>RH.LiaScript.TopicstoReview.dd363383-c031-419a-8282-b16a36c12dfa</entry>
    </identifier>
    <language>en</language>
    <contribute>
      <role>
        <source>LOMv1.0</source>
        <value>Creator</value>
      </role>
      <entity><![CDATA[BEGIN:VCARD
VERSION:2.1
FN:Rose Hartman
ORG:LiaScript
END:VCARD  ]]></entity>
      <date>
        <dateTime>2025-12-10</dateTime>
        <description language="en"><![CDATA[1765394064038]]></description>
      </date>
    </contribute>
  </metametadata>
  <general>
    <identifier>
      <catalog>URI</catalog>
      <entry>RH.LiaScript.TopicstoReview.dd363383-c031-419a-8282-b16a36c12dfa</entry>
    </identifier>
    <title>
      <string language="en"><![CDATA[wdl_rbasicspractice]]></string>
    </title>
    <language>en</language>
    <description>
      <string language="en"><![CDATA[The best way to learn R is by using it! This module provides an opportunity to practice basic R skills on real data. You will use the basics of R coding, data transformation, and data visualization to work with real data. This is a practice module, which means you'll be expected to use commands without them being explained first. Learners should have access to R, either on their own computer or in the cloud, and should be familiar with the following before starting: - the RStudio IDE, including how to look at data in the Data Viewer - the following dplyr commands: filter, select, mutate - logical tests for equality in R (==) - the following ggplot2 commands: geom_histogram, geom_boxplot, ggtitle, xlab, and facet_wrap]]></string>
    </description>
    <structure>
      <source>LOMv1.0</source>
      <value>atomic</value>
    </structure>
    <aggregationLevel>
      <source>LOMv1.0</source>
      <value>1</value>
    </aggregationLevel>
  </general>
  <lifeCycle>
    <version>
      <string language="en">0.0.1</string>
    </version>
    <status>
      <source>LOMv1.0</source>
      <value>final</value>
    </status>
    <contribute>
      <entity><![CDATA[BEGIN:VCARD
VERSION:2.1
FN:Rose Hartman
ORG:LiaScript
END:VCARD  ]]></entity>
      <date>
        <dateTime>2025-12-10</dateTime>
        <description language="en"><![CDATA[1765394064038]]></description>
      </date>
    </contribute>
    <contribute>
      <role>
        <source>LOMv1.0</source>
        <value>Author</value>
      </role>
      <entity><![CDATA[BEGIN:VCARD
VERSION:2.1
FN:Rose Hartman
ORG:LiaScript
END:VCARD  ]]></entity>
      <date>
        <dateTime>2025-12-10</dateTime>
        <description language="en"><![CDATA[1765394064038]]></description>
      </date>
    </contribute>
    <contribute>
      <role>
        <source>LOMv1.0</source>
        <value>Publisher</value>
      </role>
      <entity><![CDATA[BEGIN:VCARD
VERSION:2.1
FN:Rose Hartman
NOTE:version 0.0.1 
ORG:LiaScript
END:VCARD  ]]></entity>
      <date>
        <dateTime>2025-12-10</dateTime>
        <description language="en"><![CDATA[1765394064038]]></description>
      </date>
    </contribute>
    <contribute>
      <role>
        <source>LOMv1.0</source>
        <value>Technical Implementer</value>
      </role>
      <entity><![CDATA[BEGIN:VCARD
VERSION:2.1
FN:Rose Hartman
ORG:LiaScript
END:VCARD  ]]></entity>
      <date>
        <dateTime>2025-12-10</dateTime>
        <description language="en"><![CDATA[1765394064038]]></description>
      </date>
    </contribute>
  </lifeCycle>
  <technical>
    <format>text/html</format>
    <format>application/x-javascript</format>
    <format>text/css</format>
    <size/>
    <location>index.html</location>
    <duration>
      <duration>PT0H0M0S</duration>
      <description>
        <string language="en"><![CDATA[The time it will take to watch the entire module from start to finish.]]></string>
      </description>
    </duration>
    <pkgprop:ScormEnginePackageProperties xmlns="http://www.scorm.com/xsd/ScormEnginePackageProperties">
      <appearance>
        <displayStage>
          <desired>
            <width>1280</width>
            <height>720</height>
            <fullscreen>yes</fullscreen>
          </desired>
          <required>
            <width>300</width>
            <height>300</height>
            <fullscreen>no</fullscreen>
          </required>
        </displayStage>
      </appearance>
      <behavior>
        <alwaysFlowToFirstSco>yes</alwaysFlowToFirstSco>
        <rollupEmptySetToUnknown>yes</rollupEmptySetToUnknown>
      </behavior>
    </pkgprop:ScormEnginePackageProperties>
  </technical>
  <educational>
    <typicalLearningTime>
      <duration>PT0H5M0S</duration>
      <description>
        <string language="en"><![CDATA[The average time for a learner to complete this course.]]></string>
      </description>
    </typicalLearningTime>
    <description>
      <string><![CDATA[The best way to learn R is by using it! This module provides an opportunity to practice basic R skills on real data. You will use the basics of R coding, data transformation, and data visualization to work with real data. This is a practice module, which means you'll be expected to use commands without them being explained first. Learners should have access to R, either on their own computer or in the cloud, and should be familiar with the following before starting: - the RStudio IDE, including how to look at data in the Data Viewer - the following dplyr commands: filter, select, mutate - logical tests for equality in R (==) - the following ggplot2 commands: geom_histogram, geom_boxplot, ggtitle, xlab, and facet_wrap]]></string>
    </description>
    <language>en</language>
  </educational>
  <rights>
    <copyrightAndOtherRestrictions>
      <source>LOMv1.0</source>
      <value>no</value>
    </copyrightAndOtherRestrictions>
    <description>
      <string language="en"><![CDATA[© LiaScript. All rights reserved.]]></string>
    </description>
  </rights>
</lom>