<?xml version="1.0" encoding="utf-8"?>
<lom xmlns="http://ltsc.ieee.org/xsd/LOM" xmlns:xsi="http://www.w3.org/2001/XMLSchema-instance" xmlns:pkgprop="http://www.scorm.com/xsd/ScormEnginePackageProperties" xsi:schemaLocation="http://ltsc.ieee.org/xsd/LOM lomLoose.xsd http://www.scorm.com/xsd/ScormEnginePackageProperties ScormEnginePackageProperties.xsd">
  <metametadata>
    <metadataSchema>LOMv1.0</metadataSchema>
    <metadataSchema>ADL SCORM 2004 4th Edition</metadataSchema>
    <identifier>
      <catalog>URI</catalog>
      <entry>JP.LiaScript.LessonPreparation.966bf3d2-6c7f-460c-84ea-a42c51395f04</entry>
    </identifier>
    <language>en</language>
    <contribute>
      <role>
        <source>LOMv1.0</source>
        <value>Creator</value>
      </role>
      <entity><![CDATA[BEGIN:VCARD
VERSION:2.1
FN:Joy Payton
ORG:LiaScript
END:VCARD  ]]></entity>
      <date>
        <dateTime>2025-12-10</dateTime>
        <description language="en"><![CDATA[1765394017003]]></description>
      </date>
    </contribute>
  </metametadata>
  <general>
    <identifier>
      <catalog>URI</catalog>
      <entry>JP.LiaScript.LessonPreparation.966bf3d2-6c7f-460c-84ea-a42c51395f04</entry>
    </identifier>
    <title>
      <string language="en"><![CDATA[wdl_rbasicstransform]]></string>
    </title>
    <language>en</language>
    <description>
      <string language="en"><![CDATA[Do you want to learn how to work with tabular (table-shaped, with rows and columns) data in R? In this module you'll learn in particular how to select just the rows and columns you want to work with, how to create new columns, and how to create multi-step transformations to get your data ready for visualization or statistical analysis. This module teaches the use of the dplyr package, which is part of the tidyverse suite of packages. Minimal experience of using the RStudio IDE and writing R code (specifically, within an R Markdown document) is necessary to understand and use this material. If you can understand and do the following, you'll be able to complete this course: - Run a command that's provided to you in the console - Use the Environment tab to find a data frame and learn more about it - Insert a new code chunk in an R Markdown document]]></string>
    </description>
    <structure>
      <source>LOMv1.0</source>
      <value>atomic</value>
    </structure>
    <aggregationLevel>
      <source>LOMv1.0</source>
      <value>1</value>
    </aggregationLevel>
  </general>
  <lifeCycle>
    <version>
      <string language="en">0.0.1</string>
    </version>
    <status>
      <source>LOMv1.0</source>
      <value>final</value>
    </status>
    <contribute>
      <entity><![CDATA[BEGIN:VCARD
VERSION:2.1
FN:Joy Payton
ORG:LiaScript
END:VCARD  ]]></entity>
      <date>
        <dateTime>2025-12-10</dateTime>
        <description language="en"><![CDATA[1765394017003]]></description>
      </date>
    </contribute>
    <contribute>
      <role>
        <source>LOMv1.0</source>
        <value>Author</value>
      </role>
      <entity><![CDATA[BEGIN:VCARD
VERSION:2.1
FN:Joy Payton
ORG:LiaScript
END:VCARD  ]]></entity>
      <date>
        <dateTime>2025-12-10</dateTime>
        <description language="en"><![CDATA[1765394017003]]></description>
      </date>
    </contribute>
    <contribute>
      <role>
        <source>LOMv1.0</source>
        <value>Publisher</value>
      </role>
      <entity><![CDATA[BEGIN:VCARD
VERSION:2.1
FN:Joy Payton
NOTE:version 0.0.1 
ORG:LiaScript
END:VCARD  ]]></entity>
      <date>
        <dateTime>2025-12-10</dateTime>
        <description language="en"><![CDATA[1765394017003]]></description>
      </date>
    </contribute>
    <contribute>
      <role>
        <source>LOMv1.0</source>
        <value>Technical Implementer</value>
      </role>
      <entity><![CDATA[BEGIN:VCARD
VERSION:2.1
FN:Joy Payton
ORG:LiaScript
END:VCARD  ]]></entity>
      <date>
        <dateTime>2025-12-10</dateTime>
        <description language="en"><![CDATA[1765394017003]]></description>
      </date>
    </contribute>
  </lifeCycle>
  <technical>
    <format>text/html</format>
    <format>application/x-javascript</format>
    <format>text/css</format>
    <size/>
    <location>index.html</location>
    <duration>
      <duration>PT0H0M0S</duration>
      <description>
        <string language="en"><![CDATA[The time it will take to watch the entire module from start to finish.]]></string>
      </description>
    </duration>
    <pkgprop:ScormEnginePackageProperties xmlns="http://www.scorm.com/xsd/ScormEnginePackageProperties">
      <appearance>
        <displayStage>
          <desired>
            <width>1280</width>
            <height>720</height>
            <fullscreen>yes</fullscreen>
          </desired>
          <required>
            <width>300</width>
            <height>300</height>
            <fullscreen>no</fullscreen>
          </required>
        </displayStage>
      </appearance>
      <behavior>
        <alwaysFlowToFirstSco>yes</alwaysFlowToFirstSco>
        <rollupEmptySetToUnknown>yes</rollupEmptySetToUnknown>
      </behavior>
    </pkgprop:ScormEnginePackageProperties>
  </technical>
  <educational>
    <typicalLearningTime>
      <duration>PT0H5M0S</duration>
      <description>
        <string language="en"><![CDATA[The average time for a learner to complete this course.]]></string>
      </description>
    </typicalLearningTime>
    <description>
      <string><![CDATA[Do you want to learn how to work with tabular (table-shaped, with rows and columns) data in R? In this module you'll learn in particular how to select just the rows and columns you want to work with, how to create new columns, and how to create multi-step transformations to get your data ready for visualization or statistical analysis. This module teaches the use of the dplyr package, which is part of the tidyverse suite of packages. Minimal experience of using the RStudio IDE and writing R code (specifically, within an R Markdown document) is necessary to understand and use this material. If you can understand and do the following, you'll be able to complete this course: - Run a command that's provided to you in the console - Use the Environment tab to find a data frame and learn more about it - Insert a new code chunk in an R Markdown document]]></string>
    </description>
    <language>en</language>
  </educational>
  <rights>
    <copyrightAndOtherRestrictions>
      <source>LOMv1.0</source>
      <value>no</value>
    </copyrightAndOtherRestrictions>
    <description>
      <string language="en"><![CDATA[© LiaScript. All rights reserved.]]></string>
    </description>
  </rights>
</lom>